﻿Designator,Footprint,Quantity,Value,LCSC Part #
"C1, C2, C3, C4, C8",0402,5,0.1uF,C541406
C10,CAP-SMD_BD12.5-L13.0-W13.0-LS14.4-FD,1,680uF/50V,C487372
C11,1206,1,22uF/10V,C5672
C12,0805,1,4.7uF/10V,C87998
C13,0805,1,10uF,C15850
C5,1206,1,10uF/50V,C13585
C6,0402,1,1uF,C14445
C7,0603,1,22uF,C59461
C9,1206,1,4.7uF/63V,C29823
"D1, D2",D_SOD-123,2,1N4148W,
D3,0805,1,KT-0805B,C2293
"D4, D7, D8",0805,3,KT-0805G,C2297
D5,D_SOD-123,1,BAT46W,C7420332
D6,D_SOD-323_HandSoldering,1,1N5819,C191023
F1,FUSE-TH_L24.4-W9.4-P22.60,1,Fuse,C717030
"J1, J2","TerminalBlock_Phoenix_MKDS-1,5-3-5.08_1x03_P5.08mm_Horizontal",2,Screw_Terminal_01x03,C2915640
J10,"TerminalBlock_Phoenix_MKDS-1,5-3-5.08_1x03_P5.08mm_Horizontal",1,flow_meter,C2915640
J11,USB-HRO_TYPE-C-31-M-12,1,USB-TYPE-C-31-M-12,C165948
J3,"TerminalBlock_Phoenix_MKDS-1,5-8-5.08_1x08_P5.08mm_Horizontal",1,Conn_01x08_Pin,C5143711
J5,"TerminalBlock_Phoenix_MKDS-1,5-2-5.08_1x02_P5.08mm_Horizontal",1,24V_Power,C2915639
J6,"TerminalBlock_Phoenix_MKDS-1,5-2-5.08_1x02_P5.08mm_Horizontal",1,PWM_IN,C2915639
J7,"TerminalBlock_Phoenix_MKDS-1,5-2-5.08_1x02_P5.08mm_Horizontal",1,PWM_OUT,C2915639
J8,"TerminalBlock_Phoenix_MKDS-1,5-3-5.08_1x03_P5.08mm_Horizontal",1,DHT21,C2915640
"K1, K2",Relay_SPDT_SANYOU_SRD_Series_Form_C,2,SRD-05VDC-SL-C,C35449
L1,0603,1,22uH,C6808015
L2,1210,1,FHW1210IF820JST,C394099
L3,1206,1,2.2uH,C139249
"OC1, OC2",SO-5_4.4x3.6mm_P1.27mm,2,TLP2361,C107626
"Q1, Q2",SOT-23,2,NPN,C150982
"R1, R15",0805,2,10K,C17414
"R10, R5, R6, R7, R8, R9",0805,6,4k7,C17673
"R11, R12",0805,2,5k1,C27834
"R13, R14",0805,2,22R,C17561
"R16, R17, R3",0805,3,20R,C17544
R18,0805,1,2k,C17604
"R19, R4",0805,2,1k,C17513
R2,0805,1,15R,C17480
RV1,0603,1,RL0603E024M250K,C20966
SW1,SW-SMD_4P-L5.1-W5.1-P3.70-LS6.5-TL-2,1,Reboot,C318884
U1,ESP32-C6-MINI-1,1,ESP32-C6-MINI-1,C5736265
U2,SOT-23-6,1,USBLC6-2SC6,C7519
U3,TSOT-23-5,1,LM3671MFX-3.3/NOPB,C477918
U4,PWRM-TH_K78XX-500R3,1,K7805-500R3,C909662
